VALUE,HOSTNAME,TEXT,PATH,ANALYZED
15,www.pornhub.com,front-index-pc.js?cache=2021063001,/home/mario/Desktop/App/ScrapingOutput/www.pornhub.com1/src/1.jpg
15,www.pornhub.com,front-index.js?cache=2021063001,/home/mario/Desktop/App/ScrapingOutput/www.pornhub.com1/src/2.jpg
15,www.pornhub.com,(m=ewcV8b)(mh=rRXHGjK7bHMM-_hk)original_798979141.jpg,/home/mario/Desktop/App/ScrapingOutput/www.pornhub.com1/src/3.jpg
15,www.pornhub.com,Hello from Pupsi,,
15,www.pornhub.com,Adriana Chechik,,
15,www.pornhub.com,(m=eafTGgaaaa)(mh=DC192kyt0lmtssDd)9.jpg,/home/mario/Desktop/App/ScrapingOutput/www.pornhub.com1/src/4.jpg
15,www.pornhub.com,"Русское порно. Уговорил своего врача заснять на камеру, как мы занимаемся сексом, пока нас ждут друг",,
15,www.pornhub.com,(m=ewILGCjadOf)(mh=t8GuWc6LGMct7P7q)200x200.jpg,/home/mario/Desktop/App/ScrapingOutput/www.pornhub.com1/src/5.jpg
15,www.pornhub.com,June Liu,,
15,www.pornhub.com,(m=ewILGCjadOf)(mh=WH08iPXQ2bg8_7eC)200x200.jpg,/home/mario/Desktop/App/ScrapingOutput/www.pornhub.com1/src/6.jpg
15,www.pornhub.com,Almond91,,
15,www.pornhub.com,playlists-common.js?cache=2021063001,/home/mario/Desktop/App/ScrapingOutput/www.pornhub.com1/src/7.jpg
15,www.pornhub.com,(m=ewILGCjadOf)(mh=AnFMl4Pr27EzYycj)200x200.jpg,/home/mario/Desktop/App/ScrapingOutput/www.pornhub.com1/src/8.jpg
15,www.pornhub.com,Saphira Shimmer,,
15,www.pornhub.com,playlist-basic.js?cache=2021063001,/home/mario/Desktop/App/ScrapingOutput/www.pornhub.com1/src/9.jpg
15,www.pornhub.com,(m=eafTGgaaaa)(mh=Qll3wFg2widWLC-1)13.jpg,/home/mario/Desktop/App/ScrapingOutput/www.pornhub.com1/src/10.jpg
15,www.pornhub.com,2B Anal Ahegao Slut Huge Dildo Riding Untill she prolapsed - cosplay porn,,
15,www.pornhub.com,header.js?cache=2021063001,/home/mario/Desktop/App/ScrapingOutput/www.pornhub.com1/src/11.jpg
15,www.pornhub.com,(m=eafTGgaaaa)(mh=p8vw_K55hwTEfnAE)12.jpg,/home/mario/Desktop/App/ScrapingOutput/www.pornhub.com1/src/12.jpg
15,www.pornhub.com,MadamHoney Loves suck dicks.,,
15,www.pornhub.com,Instagram.svg?cache=2021063001,/home/mario/Desktop/App/ScrapingOutput/www.pornhub.com1/src/13.svg
15,www.pornhub.com,PH Instagram logo,,
15,www.pornhub.com,youPorn.png,/home/mario/Desktop/App/ScrapingOutput/www.pornhub.com1/src/14.png
15,www.pornhub.com,YouPorn,,
15,www.pornhub.com,Youtube.svg?cache=2021063001,/home/mario/Desktop/App/ScrapingOutput/www.pornhub.com1/src/15.svg
15,www.pornhub.com,PH YouTube logo,,
15,www.pornhub.com,rta-1.gif,/home/mario/Desktop/App/ScrapingOutput/www.pornhub.com1/src/16.gif
15,www.pornhub.com,RTA image,,
15,www.pornhub.com,arrow.svg?cache=2021063001,/home/mario/Desktop/App/ScrapingOutput/www.pornhub.com1/src/17.svg
15,www.pornhub.com,Right arrow,,
15,www.pornhub.com,MILF,,
15,www.pornhub.com,(m=ewcV8b)(mh=1IctbwmG6pw8CJlA)original_801326181.jpg,/home/mario/Desktop/App/ScrapingOutput/www.pornhub.com1/src/18.jpg
15,www.pornhub.com,Sexy summer,,
15,www.pornhub.com,Ebony,,
15,www.pornhub.com,Amateur,,
15,www.pornhub.com,(m=q4KMRNWbeafTGgaaaa)(mh=7ga6zzBZRgFa61Gk)0.jpg,/home/mario/Desktop/App/ScrapingOutput/www.pornhub.com1/src/19.jpg
15,www.pornhub.com,HerLimit - Rebecca Volpetti Petite Romanian Babe Gets Anal Dominated Full Scene,,
15,www.pornhub.com,Female Orgasm,,
15,www.pornhub.com,Public,,
15,www.pornhub.com,(m=qT2Y6JWbeafTGgaaaa)(mh=uJf_S60Nlonez6A-)0.jpg,/home/mario/Desktop/App/ScrapingOutput/www.pornhub.com1/src/20.jpg
15,www.pornhub.com,Jerkmate - Flirty And Sexy Mia Shows You Everything You Desire On Cam Jerkmate,,
15,www.pornhub.com,(m=q710R3VbeafTGgaaaa)(mh=8xRui0t3QxJgaaxw)0.jpg,/home/mario/Desktop/App/ScrapingOutput/www.pornhub.com1/src/21.jpg
15,www.pornhub.com,3-Way Porn - Surprise 3some for Masseur!,,
15,www.pornhub.com,(m=qQ4T3GWbeafTGgaaaa)(mh=LfYLxFDskdz1QvK1)0.jpg,/home/mario/Desktop/App/ScrapingOutput/www.pornhub.com1/src/22.jpg
15,www.pornhub.com,Cumming twice on my boyfriends cock before he creampies me,,
15,www.pornhub.com,vue-custom-element.min.js,
15,www.pornhub.com,Sheena Ryder,,
15,www.pornhub.com,pornMD.png,/home/mario/Desktop/App/ScrapingOutput/www.pornhub.com1/src/24.png
15,www.pornhub.com,PornMD,,
15,www.pornhub.com,(m=eafTGgaaaa)(mh=gT3eGo-4TYi2SRSp)3.jpg,/home/mario/Desktop/App/ScrapingOutput/www.pornhub.com1/src/25.jpg
15,www.pornhub.com,Shay Sights Anal Wedding Orgy ,,
15,www.pornhub.com,(m=ewILGCjadOf)(mh=j7RvsN5yl97jf2Ou)200x200.jpg,/home/mario/Desktop/App/ScrapingOutput/www.pornhub.com1/src/26.jpg
15,www.pornhub.com,Porn Force,,
15,www.pornhub.com,(m=ewILGCjadOf)(mh=Z-eSOZNhUf2_xxlG)200x200.jpg,/home/mario/Desktop/App/ScrapingOutput/www.pornhub.com1/src/27.jpg
15,www.pornhub.com,th3kinkycoupl3,,
15,www.pornhub.com,jquery-ui-1.10.3.js,
15,www.pornhub.com,(m=qXIIHGWbeafTGgaaaa)(mh=EXX59hu4UIHXC0uQ)0.jpg,/home/mario/Desktop/App/ScrapingOutput/www.pornhub.com1/src/29.jpg
15,www.pornhub.com,"RoccoSiffredi Milking Party With Zaawaadi, Tiffany Tatum & Their Girlfriends",,
15,www.pornhub.com,(m=ewILGCjadOf)(mh=WErZZaeKp-I5fQyZ)200x200.jpg,/home/mario/Desktop/App/ScrapingOutput/www.pornhub.com1/src/30.jpg
15,www.pornhub.com,Vic Alouqua,,
15,www.pornhub.com,ph-functions.js?cache=2021063001,/home/mario/Desktop/App/ScrapingOutput/www.pornhub.com1/src/31.jpg
15,www.pornhub.com,(m=ewILGCjadOf)(mh=zk0jnh3DVbEpObOA)200x200.jpg,/home/mario/Desktop/App/ScrapingOutput/www.pornhub.com1/src/32.jpg
15,www.pornhub.com,yinyleon,,
15,www.pornhub.com,pornhub_logo_straight.png?cache=2021063001,/home/mario/Desktop/App/ScrapingOutput/www.pornhub.com1/src/33.png
15,www.pornhub.com,Pornhub Porn Videos,,
15,www.pornhub.com,(m=eafTGgaaaa)(mh=RsLWosXLNrdL9cYa)9.jpg,/home/mario/Desktop/App/ScrapingOutput/www.pornhub.com1/src/34.jpg
15,www.pornhub.com,Marked Pussy For You! | JOI Games | Guided Handjob | # 23,,
15,www.pornhub.com,(m=qI6W7PVbeafTGgaaaa)(mh=6Rc3gbSecLhL-mQk)0.jpg,/home/mario/Desktop/App/ScrapingOutput/www.pornhub.com1/src/35.jpg
15,www.pornhub.com,Horny Stepsis Laney Grey Wants Hard Rough Fuck From Her Brother,,
15,www.pornhub.com,tube8.png,/home/mario/Desktop/App/ScrapingOutput/www.pornhub.com1/src/36.png
15,www.pornhub.com,Tube8,,
15,www.pornhub.com,(m=qSVUVYVbeafTGgaaaa)(mh=SsdtLTD7aEXxZI3C)0.jpg,/home/mario/Desktop/App/ScrapingOutput/www.pornhub.com1/src/37.jpg
15,www.pornhub.com,Petite Beauty Sucks And Fucks After The Gym | Letty Black,,
15,www.pornhub.com,premium-modals.js?cache=2021063001,/home/mario/Desktop/App/ScrapingOutput/www.pornhub.com1/src/38.jpg
15,www.pornhub.com,embeddedads.es6.min.js,
15,www.pornhub.com,(m=qMN6PRWbeafTGgaaaa)(mh=83ULYrkVPSRssfEJ)0.jpg,/home/mario/Desktop/App/ScrapingOutput/www.pornhub.com1/src/40.jpg
15,www.pornhub.com,Sumisa argentina te pide la leche en su cara,,
15,www.pornhub.com,ads_test.js,
15,www.pornhub.com,signin.js?cache=2021063001,/home/mario/Desktop/App/ScrapingOutput/www.pornhub.com1/src/42.jpg
15,www.pornhub.com,(m=qSGLYQVbeafTGgaaaa)(mh=g09EF28ynVfRZHpc)0.jpg,/home/mario/Desktop/App/ScrapingOutput/www.pornhub.com1/src/43.jpg
15,www.pornhub.com,Step Mom Seduces Son With Her Juicy Huge Oiled Ass In Ripped Leggings,,
15,www.pornhub.com,(m=q-6WUUVbeafTGgaaaa)(mh=_FPdc58ceznCYdxW)0.jpg,/home/mario/Desktop/App/ScrapingOutput/www.pornhub.com1/src/44.jpg
15,www.pornhub.com,Dane Jones Big ass Latina Milf Canela Skin gets a big dick fucking,,
15,www.pornhub.com,mg_utils-1.0.0.js?cache=2021063001,/home/mario/Desktop/App/ScrapingOutput/www.pornhub.com1/src/45.jpg
15,www.pornhub.com,vue.min.js,
15,www.pornhub.com,(m=eafTGgaaaa)(mh=FMjBGv9w6CJHfGCB)3.jpg,/home/mario/Desktop/App/ScrapingOutput/www.pornhub.com1/src/47.jpg
15,www.pornhub.com,Hot Blonde  Stepdaughter Sucking Her Cock,,
15,www.pornhub.com,(m=eafTGgaaaa)(mh=GM7bdYaghH4_bcVf)8.jpg,/home/mario/Desktop/App/ScrapingOutput/www.pornhub.com1/src/48.jpg
15,www.pornhub.com,Barefoot devil cosplayer takes stockings off and teases you,,
15,www.pornhub.com,(m=eafTGgaaaa)(mh=IKzcY1NeesX0tgiU)10.jpg,/home/mario/Desktop/App/ScrapingOutput/www.pornhub.com1/src/49.jpg
15,www.pornhub.com,Shy Girl Orgasms Like Crazy Throughout Her Calendar Audition,,
15,www.pornhub.com,(m=qHJZVKWbeafTGgaaaa)(mh=MCiy45F_4Qnsw9fl)0.jpg,/home/mario/Desktop/App/ScrapingOutput/www.pornhub.com1/src/50.jpg
15,www.pornhub.com,Red XXX gets off with her fingers and toys,,
15,www.pornhub.com,(m=qZP6HUVbeafTGgaaaa)(mh=rWbbeFnpYd4KeG5Y)0.jpg,/home/mario/Desktop/App/ScrapingOutput/www.pornhub.com1/src/51.jpg
15,www.pornhub.com,Bellesa - Small tit blonde Elsa Jean has a breakin fantasy,,
15,www.pornhub.com,htcheck.html?site_id=3,/home/mario/Desktop/App/ScrapingOutput/www.pornhub.com1/src/52.jpg
15,www.pornhub.com,redTube.png,/home/mario/Desktop/App/ScrapingOutput/www.pornhub.com1/src/53.png
15,www.pornhub.com,RedTube,,
15,www.pornhub.com,(m=eafTGgaaaa)(mh=mD3gehd0_Eu_yP6m)15.jpg,/home/mario/Desktop/App/ScrapingOutput/www.pornhub.com1/src/54.jpg
15,www.pornhub.com,"After a hard blowjob, he cum right inside her. Creampie",,
15,www.pornhub.com,popunder.min.js,
15,www.pornhub.com,(m=eafTGgaaaa)(mh=xKOB6DUY5Eyy359f)8.jpg,/home/mario/Desktop/App/ScrapingOutput/www.pornhub.com1/src/56.jpg
15,www.pornhub.com,BRAZZERS MASTURBATION DAY - WATCH FREE VIDEOS on FREE.BRAZZERS.COM,,
15,www.pornhub.com,(m=ePZGGgaaaa)(mh=pm568w4wPNDJiCgr)7.jpg,/home/mario/Desktop/App/ScrapingOutput/www.pornhub.com1/src/57.jpg
15,www.pornhub.com,(無)デブ専,,
15,www.pornhub.com,(m=q-9ZGPWbeafTGgaaaa)(mh=F9jOGZcbTrTME_ba)0.jpg,/home/mario/Desktop/App/ScrapingOutput/www.pornhub.com1/src/58.jpg
15,www.pornhub.com,Hungry girlfriend do INTENSE DEEPTHROAT and FACEFUCK - EmiliaBunny,,
15,www.pornhub.com,(m=eafTGgaaaa)(mh=le3brhhAUMwD76j9)5.jpg,/home/mario/Desktop/App/ScrapingOutput/www.pornhub.com1/src/59.jpg
15,www.pornhub.com,Dirty Old Perv can barely fuck,,
15,www.pornhub.com,(m=qZ-559VbeafTGgaaaa)(mh=w1loVv_5EUajXjNd)0.jpg,/home/mario/Desktop/App/ScrapingOutput/www.pornhub.com1/src/60.jpg
15,www.pornhub.com,PUREMATURE Mature Blonde Cheats On Her Husband With Neighbor,,
15,www.pornhub.com,Discord.svg?cache=2021063001,/home/mario/Desktop/App/ScrapingOutput/www.pornhub.com1/src/61.svg
15,www.pornhub.com,PH Discord logo,,
15,www.pornhub.com,rightArrow.png,/home/mario/Desktop/App/ScrapingOutput/www.pornhub.com1/src/62.png
15,www.pornhub.com,Right Arrow,,
15,www.pornhub.com,(m=ePZGGgaaaa)(mh=H6s65Y3bRPcac4Qk)9.jpg,/home/mario/Desktop/App/ScrapingOutput/www.pornhub.com1/src/63.jpg
15,www.pornhub.com,Teen 18,,
15,www.pornhub.com,(m=eafTGgaaaa)(mh=S_oFv_F3-HRN8JEK)9.jpg,/home/mario/Desktop/App/ScrapingOutput/www.pornhub.com1/src/64.jpg
15,www.pornhub.com,Stepson Fucked his Stepmom-DozzaZanoza,,
15,www.pornhub.com,phSelect.png,/home/mario/Desktop/App/ScrapingOutput/www.pornhub.com1/src/65.png
15,www.pornhub.com,Pornhub select,,
15,www.pornhub.com,v-recaptcha.js?cache=2021063001,/home/mario/Desktop/App/ScrapingOutput/www.pornhub.com1/src/66.jpg
15,www.pornhub.com,Reddit.svg?cache=2021063001,/home/mario/Desktop/App/ScrapingOutput/www.pornhub.com1/src/67.svg
15,www.pornhub.com,PH Reddit logo,,
15,www.pornhub.com,(m=ewILGCjadOf)(mh=1zELxBlmBxevL4KX)200x200.jpg,/home/mario/Desktop/App/ScrapingOutput/www.pornhub.com1/src/68.jpg
15,www.pornhub.com,Sweetie_Fox,,
15,www.pornhub.com,jquery.slimscroll-1.2.0.js,
15,www.pornhub.com,(m=eafTGgaaaa)(mh=rRF9P7a6UQrzivua)9.jpg,/home/mario/Desktop/App/ScrapingOutput/www.pornhub.com1/src/70.jpg
15,www.pornhub.com,Playing with my self in the gown I wore to church,,
15,www.pornhub.com,(m=eafTGgaaaa)(mh=JA_CIAP8QzvY8t_D)13.jpg,/home/mario/Desktop/App/ScrapingOutput/www.pornhub.com1/src/71.jpg
15,www.pornhub.com,Sarah Silverman Nude & Sex Scenes Compilation On ScandalPlanetCom,,
15,www.pornhub.com,WettMelons,,
15,www.pornhub.com,Japanese,,
15,www.pornhub.com,(m=eafTGgaaaa)(mh=dRb6JZR1sepieTdi)8.jpg,/home/mario/Desktop/App/ScrapingOutput/www.pornhub.com1/src/72.jpg
15,www.pornhub.com,Edging for 10 minutes.... I don't make it,,
15,www.pornhub.com,(m=ewILGCjadOf)(mh=aelXioa_bIZCnkjv)200x200.jpg,/home/mario/Desktop/App/ScrapingOutput/www.pornhub.com1/src/73.jpg
15,www.pornhub.com,Ezza_shae,,
15,www.pornhub.com,(m=eafTGgaaaa)(mh=7aRnUYhJ4PCTO3FR)4.jpg,/home/mario/Desktop/App/ScrapingOutput/www.pornhub.com1/src/74.jpg
15,www.pornhub.com,Sexy kitty Chloe caresses herself and cums on the bed,,
15,www.pornhub.com,(m=ewcV8b)(mh=FrNGIVK9ylTcmaVg)original_723928132.jpg,/home/mario/Desktop/App/ScrapingOutput/www.pornhub.com1/src/75.jpg
15,www.pornhub.com,Birthday Suit!,,
15,www.pornhub.com,(m=eafTGgaaaa)(mh=SAVJDJKguGRxqfvu)16.jpg,/home/mario/Desktop/App/ScrapingOutput/www.pornhub.com1/src/76.jpg
15,www.pornhub.com,"Romantic Dinner, Magic Cunnilingus and Footjob",,
15,www.pornhub.com,(m=eafTGgaaaa)(mh=qHO02rz1eSYrsGHP)14.jpg,/home/mario/Desktop/App/ScrapingOutput/www.pornhub.com1/src/77.jpg
15,www.pornhub.com,鏡の前で立ちバックされて喘ぎまくる自分を見ながら連続絶頂アクメでイキまくりました… Japanese Amateur Couple Doggy Fuck on Mirror - えむゆみカップル,,
15,www.pornhub.com,(m=eafTGgaaaa)(mh=30W5WteXBs_RkVst)2.jpg,/home/mario/Desktop/App/ScrapingOutput/www.pornhub.com1/src/78.jpg
15,www.pornhub.com,Caught Watching My Hot Step Mom Taking a Shower - Amiee Cambridge,,
15,www.pornhub.com,Katya Rodriguez,,
15,www.pornhub.com,ph-footer.js?cache=2021063001,/home/mario/Desktop/App/ScrapingOutput/www.pornhub.com1/src/79.jpg
15,www.pornhub.com,(m=eafTGgaaaa)(mh=ErBvBO8ghQqk3btL)15.jpg,/home/mario/Desktop/App/ScrapingOutput/www.pornhub.com1/src/80.jpg
15,www.pornhub.com,COME HAVE A SHOWER WITH ME...,,
15,www.pornhub.com,(m=ewILGCjadOf)(mh=CYpZumWcJgN1aOXv)200x200.jpg,/home/mario/Desktop/App/ScrapingOutput/www.pornhub.com1/src/81.jpg
15,www.pornhub.com,thestartofus,,
15,www.pornhub.com,(m=ewILGCjadOf)(mh=spccUUyupwFSKY3K)200x200.jpg,/home/mario/Desktop/App/ScrapingOutput/www.pornhub.com1/src/82.jpg
15,www.pornhub.com,Persephone Pink,,
15,www.pornhub.com,(m=ewcV8b)(mh=7qhN4uxQRq0r8c4A)original_799022741.jpg,/home/mario/Desktop/App/ScrapingOutput/www.pornhub.com1/src/83.jpg
15,www.pornhub.com,Fuck doll,,
15,www.pornhub.com,(m=q81GZOWbeafTGgaaaa)(mh=HagjIrit3y_XtKDc)0.jpg,/home/mario/Desktop/App/ScrapingOutput/www.pornhub.com1/src/84.jpg
15,www.pornhub.com,かわいい読書してる女の子にイタズラ我慢、だんだん感度が上がってくる〇〇ごっこ遊び！やっぱり我慢できず、窓あけて公開バックSEX！,,
15,www.pornhub.com,logo.png?cache=2021063001,/home/mario/Desktop/App/ScrapingOutput/www.pornhub.com1/src/85.png
15,www.pornhub.com,Pornhub Logo,,
15,www.pornhub.com,(m=qMZKL2VbeafTGgaaaa)(mh=f_1F82k6e-pKk_sR)0.jpg,/home/mario/Desktop/App/ScrapingOutput/www.pornhub.com1/src/86.jpg
15,www.pornhub.com,VRHUSH Naughty babe Lily Adams is ready to ride your cock,,
15,www.pornhub.com,ht.js?site_id=3,/home/mario/Desktop/App/ScrapingOutput/www.pornhub.com1/src/87.jpg
15,www.pornhub.com,load-1.0.3.js,
15,www.pornhub.com,(m=qQ8-X1VbeafTGgaaaa)(mh=zSvj2E811ZBYbE4Y)0.jpg,/home/mario/Desktop/App/ScrapingOutput/www.pornhub.com1/src/89.jpg
15,www.pornhub.com,"MYLF - Bad Mom, Good MILF",,
15,www.pornhub.com,(m=ewILGCjadOf)(mh=HZFhJBPKLupSe61b)200x200.jpg,/home/mario/Desktop/App/ScrapingOutput/www.pornhub.com1/src/90.jpg
15,www.pornhub.com,Shaiden Rogue,,
15,www.pornhub.com,hotjar-1180136.js?sv=6,/home/mario/Desktop/App/ScrapingOutput/www.pornhub.com1/src/91.jpg
15,www.pornhub.com,(m=eafTGgaaaa)(mh=kl2VO0m4tfgZe48x)3.jpg,/home/mario/Desktop/App/ScrapingOutput/www.pornhub.com1/src/92.jpg
15,www.pornhub.com,Cheerleader Riley Reid Gets Fucked Hard in Locker Room By Football Coach,,
15,www.pornhub.com,(m=eafTGgaaaa)(mh=bZSAlA-g8A29zt_9)14.jpg,/home/mario/Desktop/App/ScrapingOutput/www.pornhub.com1/src/93.jpg
15,www.pornhub.com,Seduced by Sister's Girlfriend,,
15,www.pornhub.com,(m=ewILGCjadOf)(mh=C18HQuUxZ-i-3W7g)200x200.jpg,/home/mario/Desktop/App/ScrapingOutput/www.pornhub.com1/src/94.jpg
15,www.pornhub.com,Raquel Steele,,
15,www.pornhub.com,(m=eafTGgaaaa)(mh=JPGT5u002hm5XZsu)9.jpg,/home/mario/Desktop/App/ScrapingOutput/www.pornhub.com1/src/95.jpg
15,www.pornhub.com,Posh Babe Fucks With Worker During Repair - in Stockings Closeup,,
15,www.pornhub.com,Creampie,,
15,www.pornhub.com,Bondage,,
15,www.pornhub.com,Gangbang,,
15,www.pornhub.com,Lesbian,,
15,www.pornhub.com,Threesome,,
15,www.pornhub.com,Big Tits,,
15,www.pornhub.com,Hentai,,
15,www.pornhub.com,(m=q9ZSSHWbeafTGgaaaa)(mh=XbiXiKqbim3MVR_d)0.jpg,/home/mario/Desktop/App/ScrapingOutput/www.pornhub.com1/src/96.jpg
15,www.pornhub.com,Getting fucked in my white bikini after the beach,,
15,www.pornhub.com,(m=qOPK16VbeafTGgaaaa)(mh=Zs1IoUCDih34LMIU)0.jpg,/home/mario/Desktop/App/ScrapingOutput/www.pornhub.com1/src/97.jpg
15,www.pornhub.com,Fucked Up stepfamily Tries Out New Tricks,,
15,www.pornhub.com,(m=ewILGCjadOf)(mh=yrF4OYmS-hcQlBgJ)200x200.jpg,/home/mario/Desktop/App/ScrapingOutput/www.pornhub.com1/src/98.jpg
15,www.pornhub.com,Misha Silk,,
15,www.pornhub.com,widgets-live-popup.js?cache=2021063001,/home/mario/Desktop/App/ScrapingOutput/www.pornhub.com1/src/99.jpg
15,www.pornhub.com,mg_modal-1.0.0.js?cache=2021063001,/home/mario/Desktop/App/ScrapingOutput/www.pornhub.com1/src/100.jpg
15,www.pornhub.com,promo-banner.js?cache=2021063001,/home/mario/Desktop/App/ScrapingOutput/www.pornhub.com1/src/101.jpg
15,www.pornhub.com,(m=ewILGCjadOf)(mh=CFAv94Nc_I54on8w)200x200.jpg,/home/mario/Desktop/App/ScrapingOutput/www.pornhub.com1/src/102.jpg
15,www.pornhub.com,Scarlett Bloom,,
15,www.pornhub.com,(m=ewILGCjadOf)(mh=RPJVnC_-BRXU3-BS)200x200.jpg,/home/mario/Desktop/App/ScrapingOutput/www.pornhub.com1/src/103.jpg
15,www.pornhub.com,Miss19Red,,
15,www.pornhub.com,thumbzilla.png,/home/mario/Desktop/App/ScrapingOutput/www.pornhub.com1/src/104.png
15,www.pornhub.com,Thumbzilla,,
15,www.pornhub.com,(m=ewILGCjadOf)(mh=-L4L628DLBwulYbK)200x200.jpg,/home/mario/Desktop/App/ScrapingOutput/www.pornhub.com1/src/105.jpg
15,www.pornhub.com,babiqueen,,
15,www.pornhub.com,(m=ewILGCjadOf)(mh=3b3r_X7aCI8H28sK)200x200.jpg,/home/mario/Desktop/App/ScrapingOutput/www.pornhub.com1/src/106.jpg
15,www.pornhub.com,Riley Reid,,
15,www.pornhub.com,(m=ewILGCjadOf)(mh=modQZjFR20jy4zbF)200x200.jpg,/home/mario/Desktop/App/ScrapingOutput/www.pornhub.com1/src/107.jpg
15,www.pornhub.com,Chadbozemanxxx,,
15,www.pornhub.com,networkbar-5.0.0.js?cache=2021063001,/home/mario/Desktop/App/ScrapingOutput/www.pornhub.com1/src/108.jpg
15,www.pornhub.com,(m=eafTGgaaaa)(mh=SiU5NqoQWzPO7A1w)16.jpg,/home/mario/Desktop/App/ScrapingOutput/www.pornhub.com1/src/109.jpg
15,www.pornhub.com,The Candid Cam Slam,,
15,www.pornhub.com,(m=ewILGCjadOf)(mh=yDeIfZjN8pZ3aK3a)200x200.jpg,/home/mario/Desktop/App/ScrapingOutput/www.pornhub.com1/src/110.jpg
15,www.pornhub.com,LuxuryGirl,,
15,www.pornhub.com,generated-lib.js?cache=2021063001,/home/mario/Desktop/App/ScrapingOutput/www.pornhub.com1/src/111.jpg
15,www.pornhub.com,(m=ewILGCjadOf)(mh=VD6UO7Wtt3-n_E_n)200x200.jpg,/home/mario/Desktop/App/ScrapingOutput/www.pornhub.com1/src/112.jpg
15,www.pornhub.com,Celebrity Cumms,,
15,www.pornhub.com,(m=eafTGgaaaa)(mh=KQJWy7eGAilPl1rk)12.jpg,/home/mario/Desktop/App/ScrapingOutput/www.pornhub.com1/src/113.jpg
15,www.pornhub.com,Sheena Ryder Fucked In All Holes With Anal After Nude Sex Fight Loss To Chad Diamond,,
15,www.pornhub.com,(m=qO7HNKWbeafTGgaaaa)(mh=BiKYHMl36DXmoJBE)0.jpg,/home/mario/Desktop/App/ScrapingOutput/www.pornhub.com1/src/114.jpg
15,www.pornhub.com,it's not a pussy it's my asshole!,,
15,www.pornhub.com,(m=ewILGCjadOf)(mh=5KZloR7F2sdxZteE)200x200.jpg,/home/mario/Desktop/App/ScrapingOutput/www.pornhub.com1/src/115.jpg
15,www.pornhub.com,Devils Kos,,
15,www.pornhub.com,modules.5d7b003bea9773742697.js,
15,www.pornhub.com,(m=eafTGgaaaa)(mh=QE_Z2Lu38-5c8Uuq)9.jpg,/home/mario/Desktop/App/ScrapingOutput/www.pornhub.com1/src/117.jpg
15,www.pornhub.com,18videoz - Ani Black Fox - First anal sex with creampie,,
15,www.pornhub.com,box-25a418976ea02a6f393fbbe77cec94bb.html,
15,www.pornhub.com,jquery-2.1.3.min.js,
15,www.pornhub.com,(m=q0Q825UbeafTGgaaaa)(mh=73-JwFaNm7CkM998)0.jpg,/home/mario/Desktop/App/ScrapingOutput/www.pornhub.com1/src/120.jpg
15,www.pornhub.com,Tiny Teen Babysitter Caught Stealing Gets Pounded By Big Fat Cock,,
15,www.pornhub.com,(m=eafTGgaaaa)(mh=zseh98tJdIK5gU87)12.jpg,/home/mario/Desktop/App/ScrapingOutput/www.pornhub.com1/src/121.jpg
15,www.pornhub.com, BLACKED RAW -  She forgot about her white bf for a night,,
15,www.pornhub.com,Ava Addams,,
15,www.pornhub.com,Mature,,
15,www.pornhub.com,Old/Young,,
15,www.pornhub.com,Big Dick,,
15,www.pornhub.com,Transgender,,
15,www.pornhub.com,Cartoon,,
15,www.pornhub.com,idsync.min.js?v=1625011200000,/home/mario/Desktop/App/ScrapingOutput/www.pornhub.com1/src/122.jpg
15,www.pornhub.com,(m=q3TNXSWbeafTGgaaaa)(mh=c2tqLkYKLhmZZZoO)0.jpg,/home/mario/Desktop/App/ScrapingOutput/www.pornhub.com1/src/123.jpg
15,www.pornhub.com,Slim4K - Monroe Fox & Rin White - Workout ends for teens with threeway,,
15,www.pornhub.com,(m=eafTGgaaaa)(mh=McEw7TQOuRqtVEpf)16.jpg,/home/mario/Desktop/App/ScrapingOutput/www.pornhub.com1/src/124.jpg
15,www.pornhub.com,BANGBROS - Aleska Diamond Returns To Monsters Of Cock For More BBC Anal,,
15,www.pornhub.com,(m=eafTGgaaaa)(mh=U4T9wiPgO571RDqg)7.jpg,/home/mario/Desktop/App/ScrapingOutput/www.pornhub.com1/src/126.jpg
15,www.pornhub.com,Cute Teen Trying New Toy for the First Time and Cumming Twice!,,
15,www.pornhub.com,Abella Danger,,
15,www.pornhub.com,Teen (18+),,
15,www.pornhub.com,Anal,,
15,www.pornhub.com,Twitter.svg?cache=2021063001,/home/mario/Desktop/App/ScrapingOutput/www.pornhub.com1/src/127.svg
15,www.pornhub.com,PH Twitter logo,,
15,www.pornhub.com,(m=eafTGgaaaa)(mh=b5XEeyWMiu-N0RT3)4.jpg,/home/mario/Desktop/App/ScrapingOutput/www.pornhub.com1/src/128.jpg
15,www.pornhub.com,Neighbor Mature Came To Visit For Sugar ! Her husband does not know that she is coming to us,,
15,www.pornhub.com,xTube.png,/home/mario/Desktop/App/ScrapingOutput/www.pornhub.com1/src/129.png
15,www.pornhub.com,XTube,,
15,www.pornhub.com,(m=eafTGgaaaa)(mh=tAI-JB4tOk4AkZ4O)14.jpg,/home/mario/Desktop/App/ScrapingOutput/www.pornhub.com1/src/130.jpg
15,www.pornhub.com,Naughty America - Professor Kayla Paige knows how to teach,,
15,www.pornhub.com,phub.js?cache=2021063001,/home/mario/Desktop/App/ScrapingOutput/www.pornhub.com1/src/131.jpg
